{"components":[{"cachedName":"Minecraft","cachedRequires":[{"suggests":"3.3.2","uid":"org.lwjgl3"}],"cachedVersion":"1.20.4","important":true,"uid":"net.minecraft","version":"1.20.4"},{"cachedName":"LWJGL 3","cachedVersion":"3.3.2","cachedVolatile":true,"dependencyOnly":true,"uid":"org.lwjgl3","version":"3.3.2"},{"uid":"net.fabricmc.fabric-loader","version":"0.17.0"},{"cachedName":"Intermediary Mappings","cachedRequires":[{"equals":"1.20.4","uid":"net.minecraft"}],"cachedVersion":"1.20.4","cachedVolatile":true,"dependencyOnly":true,"uid":"net.fabricmc.intermediary","version":"1.20.4"}],"formatVersion":1}