{"packFileHash":{"type":"sha256","value":"26a5bd9e32f8f604ad6b5b25bf0cdb9f0ad0c7cccbd7b6db94d810b5dc5f9597"},"indexFileHash":{"type":"sha256","value":"c7e4d492efcc49487d127157e361de75fda21a122ec4b3d054bdf22080ba2a8a"},"cachedFiles":{"mods/chat-heads.pw.toml":{"hash":{"type":"sha256","value":"7c293b14a198d5fdbec6810a9e8e51124e98d584d32633d61596926d2be62f7c"},"linkedFileHash":{"type":"sha512","value":"c360ce3917d30e02271f313c2f24989b93aa669397c64b48a7f63bcef8460cd7587114b95ece961ba53c184ae59a274d46efec684c902d46b3f6f6213c77a689"},"cachedLocation":"mods/chat_heads-0.13.18-fabric-1.20.4.jar","optionValue":true},"mods/jcm.pw.toml":{"hash":{"type":"sha256","value":"2d9bea62af7ceb1c87b2bfb4612d4311bf30d7f179a2fab7af6e72af1630b34a"},"linkedFileHash":{"type":"sha512","value":"dda1d14b2de70502b8cd10dab1b78a9441d16db86fd138b1c5ab8cac10dcf7541e9c30845d4a7a1bca7808b73e6fd2298137beb59f5be726d2c20cb0aa182cb7"},"cachedLocation":"mods/JCM-fabric-2.0.0+1.20.4.jar","optionValue":true},"mods/minecraft-transit-railway.pw.toml":{"hash":{"type":"sha256","value":"4cf543d0d130c7c74235adb7ace1b625349ef539c2cb098e9693da7fbd0ead88"},"linkedFileHash":{"type":"sha512","value":"d6143d413e8d7f6ee809a054f68a2ecf00a5fc86e98c187977530420cf4defe3b8e60ef35d44b0bfc2e9a024e06e9026453df9f8009ed38be4b1626cd6b235b8"},"cachedLocation":"mods/MTR-fabric-4.0.0+1.20.4.jar","optionValue":true},"mods/fabric-api.pw.toml":{"hash":{"type":"sha256","value":"8435fe34f180c963234295c6bf8de293b3450d74f2ab74389ac9bdf198d84612"},"linkedFileHash":{"type":"sha512","value":"ea1e47672a1e0fef7fa3fd7f7b396b5a8fb2c46e6ce33dbc4cc2b8d320bc7b775a0de42a478302419c8063c47fbc18bb2ad7551772f54af8059132ac2cb4f108"},"cachedLocation":"mods/fabric-api-0.97.3+1.20.4.jar","optionValue":true},"mods/the-tube.pw.toml":{"hash":{"type":"sha256","value":"370562c6b363aeb7b7b35bd44b5ff7ad49560e75cb66d38c8889c84274471b95"},"linkedFileHash":{"type":"sha512","value":"ba9425189befafa7687be6f3c58be39f8106257b163a716c2b0f0b21e6e44c2342bbc283b25efff2d5ccec13fe0cd56a23dd1f9e4f1d2a8336783281b9152135"},"cachedLocation":"mods/MTR-London-Underground-Addon-fabric-2.2.4+1.20.4.jar","optionValue":true},"mods/filters-api.pw.toml":{"hash":{"type":"sha256","value":"b9480e9b507930881bda195d5ddebe107084261e5afcd1ab61cc107bef116c61"},"linkedFileHash":{"type":"sha512","value":"e1efff40454cc93aa2aec060d2fc8b32fb08da11d95f935291cb55c1de715923b7d78a5b3a55fa3db06e8f1a94f68cfbe5447b485372f92844cea5cd49cc6af7"},"cachedLocation":"mods/FABRIC-1.0.1+1.20.4.jar","optionValue":true},"mods/tianjin-metro.pw.toml":{"hash":{"type":"sha256","value":"fdcb15b23617e3ca6c49566af1d64e1ed6307a40b46156b0eaf1fceea234e41b"},"linkedFileHash":{"type":"sha512","value":"1010c485ef0fff9b889fdb1047d5c1bde23c0ad7255fb41e134de65a242fbd23653e4620347175d2c110e225985ec4dadd57747a03631203598155871ec9e3fc"},"cachedLocation":"mods/Tianjin-Metro-1.0.0+1.20.4.jar","optionValue":true},"mods/essential.pw.toml":{"hash":{"type":"sha256","value":"dd3c6cd7dae33e032a128718ff9f56e6ab83eaae9746fdf598004ad1468579fb"},"linkedFileHash":{"type":"sha512","value":"2b51a9b0c48365238392089d1dd3a6288bb13c63676a4978995d2d6013e5cd6b35a50f6f065f93ced0df809b33ba940e66f26f154af923cc7e6dbc1e3c61700a"},"cachedLocation":"mods/Essential_1-3-9_fabric_1-20-4.jar","optionValue":true},"mods/trafficcraft.pw.toml":{"hash":{"type":"sha256","value":"f19c74217c28ee212cda6d03da1bd1fe1a500c088f68d268b44721b51aac2537"},"linkedFileHash":{"type":"sha512","value":"1040282280a87c6a4005692e20586480c4618d7b1bf244667a2057fb1c0223689b1db68801e108ce917c2d1c534f7184aba1c2a838b55d0bca369b0282cae7a3"},"cachedLocation":"mods/trafficcraft-fabric-1.20.4-1.1.3.jar","optionValue":true},"mods/cc-tweaked.pw.toml":{"hash":{"type":"sha256","value":"7b9eace19e17969028542ad9bd29e99ef4143e36693f2fbf79315ef91f927767"},"linkedFileHash":{"type":"sha512","value":"f85bd3a095f0b1e6db51a274bd055a62e2cc949abd1740504314f5d893db1b14d2ad2f809d9e0b596cb1c050331414947d6efdfd8fdd947e4bce9cbeeba3ce95"},"cachedLocation":"mods/cc-tweaked-1.20.4-fabric-1.110.2.jar","optionValue":true},"mods/slideshow-fabric.pw.toml":{"hash":{"type":"sha256","value":"e94c10cc685e2b6de37dc41f133918cb3a6ea1a1a72e782f2b4cffd0fc0a82a4"},"linkedFileHash":{"type":"sha512","value":"a84507a4de9b67d6b210e9eda75ab2d2f2d5e3910011f418bfeb8726e315267150bc20650745f405edffcf21d5ce1665a797edd7deca10deb0c1e4c1b21a754e"},"cachedLocation":"mods/Slideshow-fabric-1.20.4-1.0.3-Enhancement-1.jar","optionValue":true},"mods/station-decoration.pw.toml":{"hash":{"type":"sha256","value":"516e78792a3f1036f41bfd00a62be30828b917a2efb7f68c188b4fe2c3b4f704"},"linkedFileHash":{"type":"sha512","value":"b976c5474fba207cad1adec187fa4cbc58ab91fa5d200cf1a724ff771f10a870be7d57f89b1b4ad4805041a25ea57b07bcfb054dc2ce6aa377f28ea71960e7ba"},"cachedLocation":"mods/MSD-fabric-1.20.4-4.0.0-prerelease.2-1.3.19.jar","optionValue":true},"mods/sodium.pw.toml":{"hash":{"type":"sha256","value":"521c8241593053f877a89ce447c64392c3619e16c2001b3cac7d72cbde8392d0"},"linkedFileHash":{"type":"sha512","value":"bd00b956bde1205171e744a6a3780e835fb6928eb667fb2b56467818c979fb1e8c82561380a71a7dbfa1516cd4b6cf9087ca99f1ae066da6d65af2c828b8d554"},"cachedLocation":"mods/sodium-fabric-0.5.8+mc1.20.4.jar","optionValue":true},"mods/mtr-london-underground-trains.pw.toml":{"hash":{"type":"sha256","value":"f37d5f769d4b08595e7a4b3d424a652e9488a71cd7550c2796ee7edbbfeed82a"},"linkedFileHash":{"type":"sha512","value":"dad679de2347a5a3a692c948ca980f98e616713fd0b1ed45cffa8c8e03cecc00b68a77350c8624293bda4db3160d86f5f883fe17727171631a87c224c305f367"},"cachedLocation":"mods/MTR-London-Underground-Trains-fabric-1.0.3+1.20.4.jar","optionValue":true},"mods/worldedit.pw.toml":{"optionValue":true,"onlyOtherSide":true},"mods/russian-metro-addon.pw.toml":{"hash":{"type":"sha256","value":"73a9839e338fbfb4d8b63eb3a274daf8557fab45932085b371dec3ce8cbf5577"},"linkedFileHash":{"type":"sha512","value":"514d517968563c81b7978bb8e00987f5685e44694523ccdf40b7850bbe0da92bbddd4a2acb649c64dca04d9107688d649c3ee1846c50cc32d23d573a30560237"},"cachedLocation":"mods/MTR-Russian-Metro-Addon-fabric-4.0.0-2.0.0+1.20.4.jar","optionValue":true},"mods/iris.pw.toml":{"hash":{"type":"sha256","value":"96cafb1b451ce577f0a74045704c2f51c3ab34d63fbba81df669c21646d33bff"},"linkedFileHash":{"type":"sha512","value":"3c2f88abfa60c7e46c720663511a4f2ac7c4b3f59ce9af8d0d5d2d48b109310aade0128c8e24313ee8ec46094659eac525eed7cecd6d4eb85c0822942b30cc0c"},"cachedLocation":"mods/iris-1.7.2+mc1.20.4.jar","optionValue":true}},"cachedSide":"client"}